Name,Total_Hours,Avg_Hours,Total_Day_In_Ofiice
Alice,83.23333333333333,5.202083333333333,16
Bob,37.53333333333333,4.691666666666666,8
Charlie,37.6,4.7,8
David,40.25,5.03125,8
Eve,61.733333333333334,5.144444444444445,12
Frank,61.333333333333336,5.111111111111112,12
Grace,44.56666666666666,4.951851851851852,9
Hannah,34.88333333333333,4.983333333333333,7
