Name,Total_Hours,Avg_Hours,Total_Day_In_Ofiice,Total Working Days,Attendance_Percentage,WFH
Alice,177.7333333,6.835897436,26,30,86.66666667,4
Bob,176.5833333,6.791666667,26,30,86.66666667,4
Charlie,143.4,6.518181818,22,30,73.33333333,8
David,167.3166667,6.692666667,25,30,83.33333333,5
Eve,150.4166667,6.267361111,24,30,80,6
Frank,142.9333333,6.496969697,22,30,73.33333333,8
Grace,161.2166667,6.448666667,25,30,83.33333333,5
Hannah,128.8333333,6.780701754,19,30,63.33333333,11
